"person_id","first_name","last_name","date_of_birth","gender","address","postal_code","city","country","created_at","updated_at"
1,Arthur,Duval,1993-10-05,Male,"48 Allée des Acacias","93296",Strasbourg,France,2026-03-28 07:45:13.786,2026-03-28 07:45:13.786
2,Noah,David,2002-05-05,Male,"116 Route de Lyon","17026",Saint-Étienne,France,2026-03-28 07:45:13.786,2026-03-28 07:45:13.786
3,Marie,Roussel,1957-04-27,Female,"130 Allée des Acacias","63626",Bordeaux,France,2026-03-28 07:45:13.786,2026-03-28 07:45:13.786
4,Manon,Lemaire,2002-03-03,Female,"57 Avenue de la République","14285",Le Havre,France,2026-03-28 07:45:13.786,2026-03-28 07:45:13.786
5,Émilie,Marchand,1976-03-25,Female,"127 Chemin des Vignes","76952",Reims,France,2026-03-28 07:45:13.786,2026-03-28 07:45:13.786
6,Liam,Leroy,1974-09-27,Male,"127 Chemin des Vignes","76952",Reims,France,2026-03-28 07:45:13.786,2026-03-28 07:45:13.786
7,Georges,Lemaire,1967-07-04,Male,"64 Avenue de la République","14224",Rennes,France,2026-03-28 07:45:13.786,2026-03-28 07:45:13.786
8,Laura,David,1951-08-28,Female,"116 Route de Lyon","17026",Saint-Étienne,France,2026-03-28 07:45:13.786,2026-03-28 07:45:13.786
9,Julie,Lefebvre,1966-04-26,Female,"137 Avenue de la République","88231",Nantes,France,2026-03-28 07:45:13.786,2026-03-28 07:45:13.786
10,Lucas,Michel,1977-10-09,Male,"127 Chemin des Vignes","76952",Reims,France,2026-03-28 07:45:13.786,2026-03-28 07:45:13.786
11,Louis,Garnier,1947-05-28,Male,"34 Rue Victor Hugo","29168",Reims,France,2026-03-28 07:45:13.786,2026-03-28 07:45:13.786
12,Émilie,Blanc,2002-03-19,Female,"107 Impasse des Lilas","69243",Rennes,France,2026-03-28 07:45:13.786,2026-03-28 07:45:13.786
13,Jules,Moreau,1991-09-24,Male,"95 Allée des Acacias","73968",Toulon,France,2026-03-28 07:45:13.786,2026-03-28 07:45:13.786
14,Jeanne,Martin,1951-12-15,Female,"92 Avenue des Champs-Élysées","80048",Reims,France,2026-03-28 07:45:13.786,2026-03-28 07:45:13.786
15,Claire,Chevalier,1967-08-09,Female,"87 Chemin des Vignes","85750",Nice,France,2026-03-28 07:45:13.786,2026-03-28 07:45:13.786
16,Liam,Roussel,1983-11-25,Male,"118 Rue de la Paix","26284",Lyon,France,2026-03-28 07:45:13.786,2026-03-28 07:45:13.786
17,Léon,Perrin,1940-07-07,Male,"130 Allée des Acacias","63626",Bordeaux,France,2026-03-28 07:45:13.786,2026-03-28 07:45:13.786
18,Julie,Leclerc,1951-11-12,Female,"43 Rue de la Paix","61949",Nantes,France,2026-03-28 07:45:13.786,2026-03-28 07:45:13.786
19,Lucie,Dupont,1994-11-03,Female,"55 Allée des Acacias","20215",Paris,France,2026-03-28 07:45:13.786,2026-03-28 07:45:13.786
20,Liam,Dupont,2006-11-15,Male,"88 Avenue des Champs-Élysées","65353",Reims,France,2026-03-28 07:45:13.786,2026-03-28 07:45:13.786
21,Émile,Petit,1969-07-03,Male,"27 Place de la Mairie","58177",Lyon,France,2026-03-28 07:45:13.786,2026-03-28 07:45:13.786
22,Nathalie,Duval,1957-11-22,Female,"145 Rue de la Paix","89995",Bordeaux,France,2026-03-28 07:45:13.786,2026-03-28 07:45:13.786
23,Léon,Noel,1967-11-24,Male,"114 Rue Victor Hugo","21362",Strasbourg,France,2026-03-28 07:45:13.786,2026-03-28 07:45:13.786
24,Louis,Leroy,1989-06-14,Male,"64 Avenue de la République","94491",Marseille,France,2026-03-28 07:45:13.786,2026-03-28 07:45:13.786
25,Antoine,Moreau,1976-12-01,Male,"95 Allée des Acacias","73968",Toulon,France,2026-03-28 07:45:13.786,2026-03-28 07:45:13.786
26,Camille,Thomas,1970-08-13,Female,"19 Chemin des Vignes","11581",Montpellier,France,2026-03-28 07:45:13.786,2026-03-28 07:45:13.786
27,Chloé,Lefebvre,1989-10-14,Female,"45 Allée des Acacias","19567",Rennes,France,2026-03-28 07:45:13.786,2026-03-28 07:45:13.786
28,Liam,Petit,1941-05-07,Male,"102 Chemin des Vignes","47550",Paris,France,2026-03-28 07:45:13.786,2026-03-28 07:45:13.786
29,Manon,Blanc,1950-11-18,Female,"72 Avenue des Champs-Élysées","50620",Marseille,France,2026-03-28 07:45:13.786,2026-03-28 07:45:13.786
30,Arthur,Bonnet,1959-09-11,Male,"17 Avenue de la République","67342",Rennes,France,2026-03-28 07:45:13.786,2026-03-28 07:45:13.786
31,Pierre,Lambert,1951-07-04,Male,"15 Avenue de la République","97304",Lille,France,2026-03-28 07:45:13.786,2026-03-28 07:45:13.786
32,Paul,Martin,1957-12-01,Male,"134 Chemin des Vignes","43980",Nantes,France,2026-03-28 07:45:13.786,2026-03-28 07:45:13.786
33,Hugo,Duval,1974-12-04,Male,"48 Allée des Acacias","93296",Strasbourg,France,2026-03-28 07:45:13.786,2026-03-28 07:45:13.786
34,Louise,Petit,1973-12-19,Female,"117 Chemin des Vignes","57202",Montpellier,France,2026-03-28 07:45:13.786,2026-03-28 07:45:13.786
35,Émile,Boyer,1961-06-06,Male,"147 Avenue des Champs-Élysées","39937",Lyon,France,2026-03-28 07:45:13.786,2026-03-28 07:45:13.786
36,Pierre,Martin,1971-01-16,Male,"39 Boulevard Saint-Germain","14635",Toulon,France,2026-03-28 07:45:13.786,2026-03-28 07:45:13.786
37,Émilie,Dumont,1971-07-24,Female,"20 Route de Lyon","58864",Saint-Étienne,France,2026-03-28 07:45:13.786,2026-03-28 07:45:13.786
38,Arthur,Thomas,1962-04-26,Male,"103 Avenue des Champs-Élysées","70960",Paris,France,2026-03-28 07:45:13.786,2026-03-28 07:45:13.786
39,Inès,Gauthier,1981-02-18,Female,"52 Avenue de la République","83899",Nantes,France,2026-03-28 07:45:13.786,2026-03-28 07:45:13.786
40,Lucie,Lambert,1999-06-19,Female,"118 Rue de la Paix","26284",Lyon,France,2026-03-28 07:45:13.786,2026-03-28 07:45:13.786
41,Louis,Martin,1992-01-08,Male,"3 Place de la Mairie","10191",Rennes,France,2026-03-28 07:45:13.786,2026-03-28 07:45:13.786
42,Lucie,Martin,1953-04-17,Female,"134 Chemin des Vignes","43980",Nantes,France,2026-03-28 07:45:13.786,2026-03-28 07:45:13.786
43,Marcel,Martin,1951-01-08,Male,"3 Place de la Mairie","10191",Rennes,France,2026-03-28 07:45:13.786,2026-03-28 07:45:13.786
44,Lucie,Moreau,1952-09-05,Female,"20 Route de Lyon","84425",Strasbourg,France,2026-03-28 07:45:13.786,2026-03-28 07:45:13.786
45,Gabriel,Lefebvre,1970-05-09,Male,"15 Avenue de la République","97304",Lille,France,2026-03-28 07:45:13.786,2026-03-28 07:45:13.786
46,Chloé,Lemaire,1974-04-03,Female,"107 Impasse des Lilas","69243",Rennes,France,2026-03-28 07:45:13.786,2026-03-28 07:45:13.786
47,Louis,Garcia,1961-08-15,Male,"138 Place de la Mairie","37215",Lyon,France,2026-03-28 07:45:13.786,2026-03-28 07:45:13.786
48,Camille,Perrin,1973-02-03,Female,"78 Route de Lyon","15286",Rennes,France,2026-03-28 07:45:13.786,2026-03-28 07:45:13.786
49,Lucas,Lefebvre,1951-12-08,Male,"15 Avenue de la République","97304",Lille,France,2026-03-28 07:45:13.786,2026-03-28 07:45:13.786
50,Julie,Bernard,1991-08-18,Female,"25 Allée des Acacias","23357",Toulouse,France,2026-03-28 07:45:13.786,2026-03-28 07:45:13.786
51,Paul,Martin,1947-04-05,Male,"96 Avenue des Champs-Élysées","86326",Strasbourg,France,2026-03-28 07:45:13.786,2026-03-28 07:45:13.786
52,Isabelle,Bernard,1948-04-21,Female,"24 Place de la Mairie","26059",Marseille,France,2026-03-28 07:45:13.786,2026-03-28 07:45:13.786
53,Léon,Lefebvre,1961-10-14,Male,"15 Avenue de la République","97304",Lille,France,2026-03-28 07:45:13.786,2026-03-28 07:45:13.786
54,Julie,Noel,1967-03-09,Female,"39 Rue de la Paix","90492",Toulon,France,2026-03-28 07:45:13.786,2026-03-28 07:45:13.786
55,Jules,Michel,2003-07-18,Male,"72 Impasse des Lilas","27987",Lyon,France,2026-03-28 07:45:13.786,2026-03-28 07:45:13.786
56,Claire,Masson,1971-11-26,Female,"98 Place de la Mairie","72873",Paris,France,2026-03-28 07:45:13.786,2026-03-28 07:45:13.786
57,Léa,Boyer,2004-06-13,Female,"82 Route de Lyon","38707",Paris,France,2026-03-28 07:45:13.786,2026-03-28 07:45:13.786
58,Georges,Leclerc,1947-08-17,Male,"60 Boulevard Saint-Germain","23124",Lille,France,2026-03-28 07:45:13.786,2026-03-28 07:45:13.786
59,Louis,Lambert,1974-09-27,Male,"57 Avenue de la République","14285",Havre,France,2026-03-28 07:45:13.786,2026-03-28 07:45:13.786
60,Liam,Duval,1985-03-06,Male,"92 Route de Lyon","13697",Nantes,France,2026-03-28 07:45:13.786,2026-03-28 07:45:13.786
61,Jeanne,Thomas,1958-10-07,Female,"103 Avenue des Champs-Élysées","70960",Paris,France,2026-03-28 07:45:13.786,2026-03-28 07:45:13.786
62,Sophie,Moreau,1947-04-20,Female,"123 Rue de la Paix","53481",Bordeaux,France,2026-03-28 07:45:13.786,2026-03-28 07:45:13.786
63,Louis,Roy,1962-06-02,Male,"37 Avenue des Champs-Élysées","78982",Lille,France,2026-03-28 07:45:13.786,2026-03-28 07:45:13.786
64,Isabelle,Mercier,1990-10-04,Female,"35 Boulevard Saint-Germain","67261",Nantes,France,2026-03-28 07:45:13.786,2026-03-28 07:45:13.786
65,Anna,Dumont,1962-12-18,Female,"92 Rue Victor Hugo","97232",Toulon,France,2026-03-28 07:45:13.786,2026-03-28 07:45:13.786
66,Raphaël,Gauthier,1977-03-06,Male,"147 Impasse des Lilas","84381",Reims,France,2026-03-28 07:45:13.786,2026-03-28 07:45:13.786
67,Thomas,Poirier,1980-10-08,Male,"128 Boulevard Saint-Germain","53406",Lyon,France,2026-03-28 07:45:13.786,2026-03-28 07:45:13.786
68,Antoine,Noel,1980-03-21,Male,"64 Avenue de la République","14224",Rennes,France,2026-03-28 07:45:13.786,2026-03-28 07:45:13.786
69,Sarah,Martin,1973-04-08,Female,"66 Avenue des Champs-Élysées","10167",Nantes,France,2026-03-28 07:45:13.786,2026-03-28 07:45:13.786
70,Raphaël,Lemaire,1993-03-14,Male,"90 Chemin des Vignes","59197",Strasbourg,France,2026-03-28 07:45:13.786,2026-03-28 07:45:13.786
71,Émile,Boyer,1968-03-15,Male,"9 Avenue de la République","12631",Saint-Étienne,France,2026-03-28 07:45:13.786,2026-03-28 07:45:13.786
72,Laura,Garcia,1949-06-06,Female,"92 Avenue des Champs-Élysées","80048",Reims,France,2026-03-28 07:45:13.786,2026-03-28 07:45:13.786
73,Lucas,Poirier,2001-12-01,Male,"43 Route de Lyon","66911",Rennes,France,2026-03-28 07:45:13.786,2026-03-28 07:45:13.786
74,Pierre,Garcia,1982-04-07,Male,"139 Avenue de la République","96585",Bordeaux,France,2026-03-28 07:45:13.786,2026-03-28 07:45:13.786
75,Camille,Lambert,1952-01-13,Female,"126 Boulevard Saint-Germain","17144",Saint-Étienne,France,2026-03-28 07:45:13.786,2026-03-28 07:45:13.786
76,Marie,Chevalier,1951-05-27,Female,"123 Rue Victor Hugo","22712",Lille,France,2026-03-28 07:45:13.786,2026-03-28 07:45:13.786
77,Nicolas,David,1977-02-16,Male,"64 Avenue de la République","94491",Marseille,France,2026-03-28 07:45:13.786,2026-03-28 07:45:13.786
78,Océane,Lefevre,1951-11-18,Female,"98 Place de la Mairie","34455",Nantes,France,2026-03-28 07:45:13.786,2026-03-28 07:45:13.786
79,Sophie,Lefevre,1996-08-09,Female,"145 Rue de la Paix","29808",Nice,France,2026-03-28 07:45:13.786,2026-03-28 07:45:13.786
80,Michel,Noel,1992-10-08,Male,"100 Chemin des Vignes","64870",Saint-Étienne,France,2026-03-28 07:45:13.786,2026-03-28 07:45:13.786
81,Jeanne,Lambert,2000-05-03,Female,"9 Chemin des Vignes","84870",Saint-Étienne,France,2026-03-28 07:45:13.786,2026-03-28 07:45:13.786
82,Paul,Blanc,1962-03-07,Male,"107 Impasse des Lilas","69243",Rennes,France,2026-03-28 07:45:13.786,2026-03-28 07:45:13.786
83,Claire,Michel,1973-06-24,Female,"127 Chemin des Vignes","76952",Reims,France,2026-03-28 07:45:13.786,2026-03-28 07:45:13.786
84,Alice,Dumont,1975-09-15,Female,"48 Allée des Acacias","93296",Strasbourg,France,2026-03-28 07:45:13.786,2026-03-28 07:45:13.786
85,Catherine,Garnier,1959-03-19,Female,"26 Avenue des Champs-Élysées","83752",Le Havre,France,2026-03-28 07:45:13.786,2026-03-28 07:45:13.786
86,Julien,Marchand,1984-07-09,Male,"147 Route de Lyon","72003",Montpellier,France,2026-03-28 07:45:13.786,2026-03-28 07:45:13.786
87,Thomas,Leclerc,1991-03-20,Male,"103 Rue de la Paix","61877",Reims,France,2026-03-28 07:45:13.786,2026-03-28 07:45:13.786
88,Margaux,Roy,1946-12-16,Female,"37 Avenue des Champs-Élysées","78982",Lille,France,2026-03-28 07:45:13.786,2026-03-28 07:45:13.786
89,Laura,Roussel,1952-04-05,Female,"114 Place de la Mairie","45313",Reims,France,2026-03-28 07:45:13.786,2026-03-28 07:45:13.786
90,Charlotte,Moreau,1964-08-07,Female,"66 Avenue des Champs-Élysées","10167",Nantes,France,2026-03-28 07:45:13.786,2026-03-28 07:45:13.786
91,Sophie,Henry,1960-02-10,Female,"35 Chemin des Vignes","84537",Strasbourg,France,2026-03-28 07:45:13.786,2026-03-28 07:45:13.786
92,Thomas,Girard,1965-01-08,Male,"93 Rue Victor Hugo","45910",Paris,France,2026-03-28 07:45:13.786,2026-03-28 07:45:13.786
93,Sarah,Henry,1990-11-04,Female,"96 Allée des Acacias","87862",Toulouse,France,2026-03-28 07:45:13.786,2026-03-28 07:45:13.786
94,Julie,Fontaine,1984-06-06,Female,"3 Place de la Mairie","10191",Rennes,France,2026-03-28 07:45:13.786,2026-03-28 07:45:13.786
95,Julien,Bernard,1989-01-06,Male,"117 Chemin des Vignes","57202",Montpellier,France,2026-03-28 07:45:13.786,2026-03-28 07:45:13.786
96,Louis,Bonnet,1974-11-14,Male,"3 Allée des Acacias","27342",Saint-Étienne,France,2026-03-28 07:45:13.786,2026-03-28 07:45:13.786
97,Ethan,Martin,1968-05-20,Male,"24 Place de la Mairie","26059",Marseille,France,2026-03-28 07:45:13.786,2026-03-28 07:45:13.786
98,Manon,Duval,1984-08-09,Female,"134 Route de Lyon","62055",Nice,France,2026-03-28 07:45:13.786,2026-03-28 07:45:13.786
99,Jean,Henry,1987-09-21,Male,"77 Avenue des Champs-Élysées","73142",Nice,France,2026-03-28 07:45:13.786,2026-03-28 07:45:13.786
100,Lucas,Leclerc,1981-05-09,Male,"77 Rue Victor Hugo","29651",Toulon,France,2026-03-28 07:45:13.786,2026-03-28 07:45:13.786
